,Player,Tm,TRB,AST,STL,BLK,PTS
1,Alex Abrines,OKC,86,40,37,8,406
2,Quincy Acy,TOT,115,18,14,15,222
3,Quincy Acy,DAL,8,0,0,0,13
4,Quincy Acy,BRK,107,18,14,15,209
5,Steven Adams,OKC,615,86,88,78,905
6,Arron Afflalo,SAC,125,78,21,7,515
7,Alexis Ajinca,NOP,177,12,20,22,207
8,Cole Aldrich,MIN,158,25,25,23,105
9,LaMarcus Aldridge,SAS,524,139,46,89,1243
10,Lavoy Allen,IND,220,57,18,24,177
11,Tony Allen,MEM,391,98,115,29,643
12,Al-Farouq Aminu,POR,451,99,60,44,532
13,Chris Andersen,CLE,31,5,5,7,28
14,Alan Anderson,LAC,24,11,3,0,86
15,Justin Anderson,TOT,245,66,41,23,532
16,Justin Anderson,DAL,149,32,28,16,329
17,Justin Anderson,PHI,96,34,13,7,203
18,Kyle Anderson,SAS,208,91,51,26,246
19,Ryan Anderson,HOU,330,68,32,14,979
20,Giannis Antetokounmpo,MIL,700,434,131,151,1832
21,Carmelo Anthony,NYK,436,213,60,34,1659
22,Joel Anthony,SAS,31,3,2,6,25
23,Trevor Ariza,HOU,459,175,147,20,936
24,Darrell Arthur,DEN,112,42,19,21,262
25,Omer Asik,NOP,163,15,5,10,85
26,D.J. Augustin,ORL,117,209,31,1,616
27,Luke Babbitt,MIA,142,36,21,11,324
28,Ron Baker,NYK,98,107,34,8,215
29,Wade Baldwin,MEM,46,61,18,7,106
30,Leandro Barbosa,PHO,104,81,31,8,419
31,J.J. Barea,DAL,84,193,14,1,381
32,Harrison Barnes,DAL,397,117,66,15,1518
33,Matt Barnes,TOT,387,194,48,26,527
34,Matt Barnes,SAC,296,149,36,17,413
35,Matt Barnes,GSW,91,45,12,9,114
36,Will Barton,DEN,258,206,48,28,820
37,Brandon Bass,LAC,129,21,14,11,292
38,Nicolas Batum,CHO,481,455,86,29,1164
39,Jerryd Bayless,PHI,12,13,0,0,33
40,Aron Baynes,DET,333,32,17,39,365
41,Kent Bazemore,ATL,231,177,91,52,801
42,Bradley Beal,WAS,239,267,83,21,1779
43,Malik Beasley,DEN,17,11,7,0,83
44,Michael Beasley,MIL,193,53,28,27,528
45,Marco Belinelli,CHO,178,147,44,9,780
46,DeAndre' Bembry,ATL,59,28,8,5,101
47,Dragan Bender,PHO,103,23,10,22,146
48,Anthony Bennett,BRK,78,12,5,3,115
49,Ben Bentil,DAL,2,0,0,0,0
50,Davis Bertans,SAS,99,46,20,28,303
51,Patrick Beverley,HOU,394,281,99,25,639
52,Bismack Biyombo,ORL,567,74,25,91,483
53,Nemanja Bjelica,MIN,244,79,40,20,403
54,Tarik Black,LAL,342,39,30,44,383
55,Eric Bledsoe,PHO,320,418,92,31,1390
56,Bojan Bogdanovic,TOT,277,111,34,7,1113
57,Bojan Bogdanovic,BRK,197,90,24,3,783
58,Bojan Bogdanovic,WAS,80,21,10,4,330
59,Andrew Bogut,TOT,218,49,13,25,79
60,Andrew Bogut,DAL,218,49,13,25,79
61,Andrew Bogut,CLE,0,0,0,0,0
62,Joel Bolomboy,UTA,17,2,1,2,22
63,Devin Booker,PHO,249,268,72,21,1726
64,Trevor Booker,BRK,570,138,76,28,709
65,Avery Bradley,BOS,334,121,68,11,894
66,Corey Brewer,TOT,166,97,61,19,371
67,Corey Brewer,HOU,114,61,37,11,242
68,Corey Brewer,LAL,52,36,24,8,129
69,Malcolm Brogdon,MIL,213,317,84,12,767
70,Aaron Brooks,IND,69,125,25,9,322
71,Anthony Brown,TOT,33,8,5,1,43
72,Anthony Brown,NOP,26,6,5,1,34
73,Anthony Brown,ORL,7,2,0,0,9
74,Bobby Brown,HOU,6,14,1,0,62
75,Jaylen Brown,BOS,220,64,35,18,515
76,Nicolas Brussino,DAL,95,47,17,8,150
77,Reggie Bullock,DET,64,29,18,3,141
78,Trey Burke,WAS,47,100,11,5,285
79,Alec Burks,UTA,120,30,18,5,283
80,Jimmy Butler,CHI,470,417,143,32,1816
81,Bruno Caboclo,TOR,10,4,2,1,14
82,Jose Calderon,TOT,74,88,11,1,141
83,Jose Calderon,LAL,42,51,7,1,80
84,Jose Calderon,ATL,32,37,4,0,61
85,Kentavious Caldwell-Pope,DET,248,193,89,12,1047
86,Isaiah Canaan,CHI,49,37,22,1,181
87,Clint Capela,HOU,526,64,34,80,818
88,DeMarre Carroll,TOR,275,74,81,27,638
89,Vince Carter,MEM,227,133,60,36,586
90,Michael Carter-Williams,CHI,152,113,38,23,297
91,Omri Casspi,TOT,112,37,23,3,186
92,Omri Casspi,SAC,90,26,10,1,129
93,Omri Casspi,NOP,2,0,0,0,12
94,Omri Casspi,MIN,20,11,13,2,45
95,Willie Cauley-Stein,SAC,340,80,53,45,611
96,Tyson Chandler,PHO,539,30,33,24,397
97,Wilson Chandler,DEN,459,141,52,30,1117
98,Marquese Chriss,PHO,348,60,67,70,753
99,Rakeem Christmas,IND,56,4,3,6,59
100,Semaj Christon,OKC,88,130,28,6,183
101,Ian Clark,GSW,122,90,39,8,527
102,Jordan Clarkson,LAL,246,213,88,8,1205
103,Norris Cole,OKC,11,14,8,0,43
104,Darren Collison,SAC,153,312,67,9,900
105,Nick Collison,OKC,30,12,2,2,33
106,Mike Conley,MEM,242,433,92,19,1415
107,Pat Connaughton,POR,52,28,6,2,98
108,Quinn Cook,TOT,7,26,4,0,79
109,Quinn Cook,DAL,3,12,1,0,27
110,Quinn Cook,NOP,4,14,3,0,52
111,DeMarcus Cousins,TOT,797,332,100,92,1942
112,DeMarcus Cousins,SAC,585,266,75,73,1528
113,DeMarcus Cousins,NOP,212,66,25,19,414
114,Robert Covington,PHI,436,102,127,69,864
115,Allen Crabbe,POR,225,93,54,20,845
116,Jamal Crawford,LAC,129,213,59,14,1008
117,Jordan Crawford,NOP,34,57,11,2,267
118,Jae Crowder,BOS,415,155,72,23,999
119,Dante Cunningham,NOP,277,36,39,28,435
120,Seth Curry,DAL,178,188,79,7,898
121,Stephen Curry,GSW,353,523,143,17,1999
122,Troy Daniels,MEM,100,46,21,4,551
123,Anthony Davis,NOP,886,157,94,167,2099
124,Deyonta Davis,MEM,60,2,3,17,58
125,Ed Davis,POR,243,27,15,22,200
126,Dewayne Dedmon,SAS,495,44,37,61,387
127,Sam Dekker,HOU,284,76,38,21,504
128,Malcolm Delaney,ATL,124,193,39,1,391
129,Matthew Dellavedova,MIL,147,357,53,0,577
130,Luol Deng,LAL,295,74,48,20,425
131,DeMar DeRozan,TOR,386,290,78,13,2020
132,Cheick Diallo,NOP,73,4,4,7,87
133,Boris Diaw,UTA,158,170,18,9,338
134,Gorgui Dieng,MIN,647,158,88,95,816
135,Spencer Dinwiddie,BRK,164,185,44,23,432
136,Toney Douglas,MEM,61,56,18,5,117
137,Goran Dragic,MIA,278,423,89,13,1483
138,Andre Drummond,DET,1116,89,124,89,1105
139,Jared Dudley,PHO,225,121,42,16,434
140,Mike Dunleavy,TOT,115,50,15,7,275
141,Mike Dunleavy,CLE,47,20,6,2,106
142,Mike Dunleavy,ATL,68,30,9,5,169
143,Kris Dunn,MIN,166,188,78,36,293
144,Kevin Durant,GSW,513,300,66,99,1555
145,Jarell Eddie,PHO,7,0,1,0,24
146,Henry Ellenson,DET,41,7,1,1,60
147,Wayne Ellington,MIA,133,70,35,4,648
148,Monta Ellis,IND,204,236,79,27,630
149,Joel Embiid,PHI,243,66,27,76,627
150,James Ennis,MEM,259,64,46,19,429
151,Tyler Ennis,TOT,46,86,26,2,228
152,Tyler Ennis,HOU,19,34,6,0,58
153,Tyler Ennis,LAL,27,52,20,2,170
154,Tyreke Evans,TOT,137,124,35,9,411
155,Tyreke Evans,NOP,86,91,23,4,248
156,Tyreke Evans,SAC,51,33,12,5,163
157,Dante Exum,UTA,132,112,21,12,412
158,Kenneth Faried,DEN,461,55,43,40,587
159,Jordan Farmar,SAC,3,9,2,0,12
160,Derrick Favors,UTA,305,56,45,40,476
161,Kay Felder,CLE,41,58,18,7,166
162,Cristiano Felicio,CHI,311,40,25,16,316
163,Raymond Felton,LAC,217,191,67,22,538
164,Yogi Ferrell,TOT,111,172,42,9,462
165,Yogi Ferrell,BRK,12,17,2,2,54
166,Yogi Ferrell,DAL,99,155,40,7,408
167,Dorian Finney-Smith,DAL,221,67,52,25,350
168,Bryn Forbes,SAS,23,23,1,0,94
169,Evan Fournier,ORL,209,202,66,4,1167
170,Randy Foye,BRK,155,135,35,9,357
171,Tim Frazier,NOP,173,335,56,6,464
172,Channing Frye,CLE,290,45,33,37,676
173,Danilo Gallinari,DEN,326,135,40,15,1145
174,Langston Galloway,TOT,156,93,46,6,585
175,Langston Galloway,NOP,121,65,40,5,471
176,Langston Galloway,SAC,35,28,6,1,114
177,Patricio Garino,ORL,7,0,0,0,0
178,Marc Gasol,MEM,462,338,67,99,1446
179,Pau Gasol,SAS,501,150,24,70,792
180,Rudy Gay,SAC,190,82,44,26,562
181,Michael Gbinije,DET,3,2,0,0,4
182,Alonzo Gee,DEN,15,6,5,1,11
183,Paul George,IND,492,251,117,27,1775
184,Marcus Georges-Hunt,ORL,9,3,1,0,14
185,Jonathan Gibson,DAL,22,26,8,0,106
186,Taj Gibson,TOT,486,73,42,66,846
187,Taj Gibson,CHI,383,60,28,51,639
188,Taj Gibson,OKC,103,13,14,15,207
189,Manu Ginobili,SAS,157,183,82,16,517
190,Rudy Gobert,UTA,1035,97,49,214,1137
191,Archie Goodwin,TOT,28,24,4,5,110
192,Archie Goodwin,NOP,0,1,0,1,15
193,Archie Goodwin,BRK,28,23,4,4,95
194,Aaron Gordon,ORL,405,150,64,40,1019
195,Eric Gordon,HOU,201,188,48,40,1217
196,Marcin Gortat,WAS,849,121,40,65,883
197,Treveon Graham,CHO,22,6,6,1,57
198,Jerami Grant,TOT,206,46,33,79,437
199,Jerami Grant,PHI,7,0,0,4,16
200,Jerami Grant,OKC,199,46,33,75,421
201,Jerian Grant,CHI,111,120,47,8,370
202,Danny Green,SAS,224,124,71,58,497
203,Draymond Green,GSW,599,533,154,106,776
204,Gerald Green,BOS,85,33,9,7,262
205,JaMychal Green,MEM,544,84,46,34,689
206,Jeff Green,ORL,214,81,37,13,638
207,Blake Griffin,LAC,496,300,58,23,1316
208,Justin Hamilton,BRK,262,55,29,43,442
209,A.J. Hammons,DAL,36,4,1,13,48
210,Tim Hardaway,ATL,224,182,55,15,1143
211,James Harden,HOU,659,906,120,37,2356
212,Maurice Harkless,POR,341,89,85,70,773
213,Justin Harper,PHI,5,2,0,0,12
214,Montrezl Harrell,HOU,219,64,20,42,527
215,Devin Harris,DAL,127,136,43,7,437
216,Gary Harris,DEN,178,164,71,8,851
217,Joe Harris,BRK,147,54,30,8,428
218,Manny Harris,DAL,9,2,0,0,8
219,Tobias Harris,DET,416,142,60,39,1321
220,Aaron Harrison,CHO,3,3,0,0,1
221,Andrew Harrison,MEM,136,198,54,20,425
222,Udonis Haslem,MIA,36,6,5,1,31
223,Spencer Hawes,TOT,191,81,15,30,337
224,Spencer Hawes,CHO,146,62,13,26,254
225,Spencer Hawes,MIL,45,19,2,4,83
226,Gordon Hayward,UTA,393,252,73,20,1601
227,Gerald Henderson,PHI,185,112,41,15,662
228,John Henson,MIL,295,57,29,78,392
229,Juan Hernangomez,DEN,187,29,29,12,305
230,Willy Hernangomez,NYK,502,96,41,36,587
231,Mario Hezonja,ORL,146,62,30,14,317
232,Roy Hibbert,TOT,154,21,8,46,221
233,Roy Hibbert,CHO,152,20,8,44,217
234,Roy Hibbert,DEN,2,1,0,2,4
235,Buddy Hield,TOT,269,121,38,9,866
236,Buddy Hield,NOP,166,77,18,7,488
237,Buddy Hield,SAC,103,44,20,2,378
238,Nene Hilario,HOU,281,65,56,40,609
239,George Hill,UTA,167,203,50,11,829
240,Jordan Hill,MIN,14,0,1,0,12
241,Solomon Hill,NOP,307,141,71,32,563
242,Darrun Hilliard,DET,33,33,11,2,127
243,Jrue Holiday,NOP,264,488,100,43,1029
244,Justin Holiday,NYK,225,102,65,31,629
245,Rondae Hollis-Jefferson,BRK,452,154,82,44,675
246,Richaun Holmes,PHI,311,58,42,55,559
247,Rodney Hood,UTA,202,96,38,11,748
248,Al Horford,BOS,464,337,52,87,952
249,Danuel House,WAS,1,0,0,0,0
250,Dwight Howard,ATL,940,104,64,92,1002
251,Marcelo Huertas,LAL,24,52,10,2,63
252,Josh Huestis,OKC,9,3,0,3,14
253,Kris Humphries,ATL,206,29,15,21,257
254,R.J. Hunter,CHI,1,0,0,0,0
255,Serge Ibaka,TOT,538,75,41,124,1173
256,Serge Ibaka,ORL,382,60,34,91,846
257,Serge Ibaka,TOR,156,15,7,33,327
258,Andre Iguodala,GSW,304,262,76,39,574
259,Ersan Ilyasova,TOT,481,141,58,23,1071
260,Ersan Ilyasova,OKC,16,1,3,1,15
261,Ersan Ilyasova,PHI,314,97,33,14,786
262,Ersan Ilyasova,ATL,151,43,22,8,270
263,Joe Ingles,UTA,260,224,96,8,581
264,Brandon Ingram,LAL,317,166,50,36,740
265,Kyrie Irving,CLE,230,418,83,25,1816
266,Jarrett Jack,NOP,0,5,2,0,6
267,Demetrius Jackson,BOS,4,3,0,0,10
268,Pierre Jackson,DAL,9,19,2,0,35
269,Reggie Jackson,DET,113,270,35,5,752
270,LeBron James,CLE,640,646,92,44,1954
271,Al Jefferson,IND,278,57,19,16,535
272,Richard Jefferson,CLE,202,78,26,10,448
273,John Jenkins,PHO,1,1,0,0,7
274,Brandon Jennings,TOT,196,395,70,5,577
275,Brandon Jennings,NYK,152,287,55,5,496
276,Brandon Jennings,WAS,44,108,15,0,81
277,Jonas Jerebko,BOS,273,71,26,17,299
278,Amir Johnson,BOS,365,140,52,62,520
279,Brice Johnson,LAC,3,1,2,1,4
280,James Johnson,MIA,375,276,76,86,975
281,Joe Johnson,UTA,242,144,36,18,715
282,Stanley Johnson,DET,189,105,56,24,339
283,Tyler Johnson,MIA,293,233,84,44,1002
284,Wesley Johnson,LAC,181,23,29,30,186
285,Nikola Jokic,DEN,718,359,61,56,1221
286,Dahntay Jones,CLE,2,1,0,0,9
287,Damian Jones,GSW,23,0,1,4,19
288,Derrick Jones,PHO,79,12,14,13,168
289,James Jones,CLE,38,14,7,10,132
290,Terrence Jones,TOT,306,58,40,54,584
291,Terrence Jones,NOP,303,58,39,53,584
292,Terrence Jones,MIL,3,0,1,1,0
293,Tyus Jones,MIN,67,156,47,5,209
294,DeAndre Jordan,LAC,1114,96,52,135,1029
295,Cory Joseph,TOR,235,265,66,13,740
296,Frank Kaminsky,CHO,336,162,47,34,874
297,Enes Kanter,OKC,482,67,32,38,1033
298,Ryan Kelly,ATL,18,8,4,5,25
299,Michael Kidd-Gilchrist,CHO,565,114,81,77,743
300,Sean Kilpatrick,BRK,280,157,46,6,919
301,Brandon Knight,PHO,118,130,27,5,595
302,Kyle Korver,TOT,187,110,34,21,678
303,Kyle Korver,ATL,90,75,23,13,305
304,Kyle Korver,CLE,97,35,11,8,373
305,Kosta Koufos,SAC,403,47,36,48,470
306,Mindaugas Kuzminskas,NYK,126,69,29,11,425
307,Skal Labissiere,SAC,162,27,16,13,289
308,Jeremy Lamb,CHO,264,75,27,23,603
309,Nicolas Laprovittola,SAS,10,28,4,1,59
310,Joffrey Lauvergne,TOT,251,70,25,6,375
311,Joffrey Lauvergne,OKC,183,51,18,6,286
312,Joffrey Lauvergne,CHI,68,19,7,0,89
313,Zach LaVine,MIN,159,139,41,10,889
314,Ty Lawson,SAC,179,335,74,6,681
315,Jake Layman,POR,24,11,9,3,78
316,Courtney Lee,NYK,260,179,81,23,835
317,David Lee,SAS,440,124,31,40,576
318,Alex Len,PHO,510,44,37,98,613
319,Kawhi Leonard,SAS,430,260,132,55,1888
320,Meyers Leonard,POR,236,71,13,28,401
321,Jon Leuer,DET,402,111,31,26,767
322,Caris LeVert,BRK,188,110,49,8,468
323,DeAndre Liggins,TOT,108,54,47,14,152
324,DeAndre Liggins,CLE,101,54,45,14,144
325,DeAndre Liggins,DAL,7,0,2,0,8
326,Damian Lillard,POR,368,439,68,20,2024
327,Jeremy Lin,BRK,135,184,41,14,523
328,Shaun Livingston,GSW,151,139,38,20,389
329,Shawn Long,PHI,85,13,9,9,148
330,Kevon Looney,GSW,124,29,14,17,135
331,Brook Lopez,BRK,403,176,38,124,1539
332,Robin Lopez,CHI,519,80,18,117,839
333,Kevin Love,CLE,666,116,53,22,1142
334,Kyle Lowry,TOR,288,417,88,19,1344
335,John Lucas,MIN,0,1,2,0,2
336,Timothe Luwawu-Cabarrot,PHI,149,75,32,10,445
337,Trey Lyles,UTA,235,70,26,20,440
338,Shelvin Mack,UTA,128,154,42,3,430
339,Ian Mahinmi,WAS,150,19,33,24,173
340,Thon Maker,MIL,114,23,10,26,226
341,Boban Marjanovic,DET,130,9,6,12,191
342,Jarell Martin,MEM,162,8,17,9,165
343,Wesley Matthews,DAL,259,210,77,16,986
344,Luc Mbah,LAC,174,39,81,35,484
345,James Michael,GSW,90,17,18,29,147
346,Patrick McCaw,GSW,101,77,32,15,282
347,Sheldon McClellan,WAS,34,15,8,2,90
348,C.J. McCollum,POR,291,285,72,42,1837
349,T.J. McConnell,PHI,251,534,134,10,556
350,Chris McCullough,TOT,19,2,2,2,36
351,Chris McCullough,BRK,17,2,1,2,35
352,Chris McCullough,WAS,2,0,1,0,1
353,K.J. McDaniels,TOT,82,13,19,18,206
354,K.J. McDaniels,HOU,30,4,7,8,80
355,K.J. McDaniels,BRK,52,9,12,10,126
356,Doug McDermott,TOT,179,58,13,5,592
357,Doug McDermott,CHI,130,45,11,4,447
358,Doug McDermott,OKC,49,13,2,1,145
359,JaVale McGee,GSW,244,17,19,67,472
360,Rodney McGruder,MIA,257,124,45,18,497
361,Ben McLemore,SAC,130,51,29,6,495
362,Jordan McRae,CLE,40,19,8,6,161
363,Josh McRoberts,MIA,74,50,10,4,107
364,Jodie Meeks,ORL,77,45,34,4,327
365,Salah Mejri,DAL,308,14,32,61,213
366,Jordan Mickey,BOS,34,7,3,6,38
367,Khris Middleton,MIL,123,99,41,7,426
368,C.J. Miles,IND,229,48,46,25,815
369,Mike Miller,DEN,39,22,2,0,28
370,Patty Mills,SAS,142,280,65,3,759
371,Elijah Millsap,PHO,6,1,0,0,3
372,Paul Millsap,ATL,533,252,90,62,1246
373,Nikola Mirotic,CHI,384,75,53,56,744
374,Greg Monroe,MIL,532,187,92,38,951
375,E'Twaun Moore,NOP,152,164,50,32,700
376,Marcus Morris,DET,366,160,52,25,1105
377,Markieff Morris,WAS,492,126,82,42,1063
378,Anthony Morrow,TOT,31,25,24,2,271
379,Anthony Morrow,OKC,29,19,22,2,230
380,Anthony Morrow,CHI,2,6,2,0,41
381,Donatas Motiejunas,NOP,101,34,18,11,150
382,Timofey Mozgov,LAL,264,43,16,31,401
383,Emmanuel Mudiay,DEN,178,217,41,13,603
384,Shabazz Muhammad,MIN,220,35,22,6,772
385,Dejounte Murray,SAS,42,48,8,6,130
386,Jamal Murray,DEN,214,170,52,24,811
387,Mike Muscala,ATL,240,95,30,41,435
388,Larry Nance,LAL,369,96,82,40,449
389,Shabazz Napier,POR,61,67,32,2,218
390,Maurice Ndour,NYK,64,8,15,8,98
391,Gary Neal,ATL,1,1,0,0,4
392,Jameer Nelson,DEN,192,385,53,8,687
393,Raul Neto,UTA,30,34,21,5,100
394,Georges Niang,IND,17,5,3,0,21
395,Andrew Nicholson,TOT,61,10,16,6,100
396,Andrew Nicholson,WAS,34,7,11,6,70
397,Andrew Nicholson,BRK,27,3,5,0,30
398,Joakim Noah,NYK,402,103,30,37,232
399,Nerlens Noel,TOT,294,50,65,51,445
400,Nerlens Noel,PHI,144,30,43,26,257
401,Nerlens Noel,DAL,150,20,22,25,188
402,Lucas Nogueira,TOR,243,42,52,90,253
403,Steve Novak,MIL,3,0,0,0,5
404,Dirk Nowitzki,DAL,353,82,30,38,769
405,Jusuf Nurkic,TOT,467,123,50,74,662
406,Jusuf Nurkic,DEN,260,60,25,36,358
407,Jusuf Nurkic,POR,207,63,25,38,304
408,David Nwaba,LAL,62,14,13,7,120
409,Johnny O'Bryant,TOT,19,6,0,1,38
410,Johnny O'Bryant,DEN,11,2,0,1,20
411,Johnny O'Bryant,CHO,8,4,0,0,18
412,Kyle O'Quinn,NYK,439,117,36,104,496
413,Daniel Ochefu,WAS,22,3,2,0,24
414,Jahlil Okafor,PHI,240,58,20,49,590
415,Victor Oladipo,OKC,291,176,78,21,1067
416,Kelly Olynyk,BOS,360,148,43,29,678
417,Arinze Onuaku,ORL,6,2,0,1,4
418,Chinanu Onuaku,HOU,10,3,3,1,14
419,Kelly Oubre,WAS,260,47,58,17,501
420,Zaza Pachulia,GSW,410,132,59,33,426
421,Georgios Papagiannis,SAC,86,20,3,17,124
422,Jabari Parker,MIL,314,142,51,22,1025
423,Tony Parker,SAS,113,285,33,2,638
424,Chandler Parsons,MEM,84,55,20,5,210
425,Lamar Patterson,ATL,7,6,1,0,9
426,Patrick Patterson,TOR,291,76,40,23,445
427,Chris Paul,LAC,304,563,118,8,1104
428,Adreian Payne,MIN,33,7,8,7,63
429,Cameron Payne,TOT,48,55,14,5,160
430,Cameron Payne,OKC,31,40,10,5,106
431,Cameron Payne,CHI,17,15,4,0,54
432,Elfrid Payton,ORL,387,529,88,40,1046
433,Gary Payton,MIL,12,13,3,4,20
434,Paul Pierce,LAC,48,10,4,5,81
435,Marshall Plumlee,NYK,51,10,4,4,40
436,Mason Plumlee,TOT,606,284,69,92,842
437,Mason Plumlee,POR,433,214,50,63,597
438,Mason Plumlee,DEN,173,70,19,29,245
439,Miles Plumlee,TOT,95,21,18,13,113
440,Miles Plumlee,MIL,53,18,11,9,82
441,Miles Plumlee,CHO,42,3,7,4,31
442,Jakob Poeltl,TOR,165,12,17,20,165
443,Otto Porter,WAS,515,121,116,41,1075
444,Bobby Portis,CHI,296,35,16,11,437
445,Kristaps Porzingis,NYK,475,97,47,130,1196
446,Dwight Powell,DAL,306,49,61,39,516
447,Norman Powell,TOR,168,82,51,14,636
448,Alex Poythress,PHI,29,5,3,2,64
449,Ronnie Price,PHO,11,18,11,1,14
450,Tim Quarterman,POR,14,11,2,3,31
451,Chasson Randle,TOT,32,34,9,2,137
452,Chasson Randle,PHI,5,6,3,1,42
453,Chasson Randle,NYK,27,28,6,1,95
454,Julius Randle,LAL,636,264,49,37,975
455,Zach Randolph,MEM,598,122,38,10,1028
456,J.J. Redick,LAC,171,110,55,13,1173
457,Willie Reed,MIA,332,26,18,47,374
458,Josh Richardson,MIA,168,140,60,39,539
459,Malachi Richardson,SAC,23,11,5,1,79
460,Austin Rivers,LAC,161,204,48,10,889
461,Andre Roberson,OKC,402,79,94,79,522
462,Brian Roberts,CHO,39,52,9,1,142
463,Glenn Robinson,IND,245,47,41,20,419
464,Thomas Robinson,LAL,223,31,26,9,241
465,Sergio Rodriguez,PHI,157,344,48,4,530
466,Rajon Rondo,CHI,355,461,99,11,538
467,Derrick Rose,NYK,246,283,44,17,1154
468,Terrence Ross,TOT,207,88,88,33,858
469,Terrence Ross,TOR,139,45,54,20,559
470,Terrence Ross,ORL,68,43,34,13,299
471,Terry Rozier,BOS,227,131,45,11,410
472,Ricky Rubio,MIN,305,682,128,10,836
473,Damjan Rudez,ORL,25,20,12,1,82
474,Brandon Rush,MIN,99,45,22,23,197
475,D'Angelo Russell,LAL,222,303,87,16,984
476,Domantas Sabonis,OKC,287,82,39,32,479
477,Larry Sanders,CLE,4,0,1,1,4
478,Dario Saric,PHI,513,182,57,30,1040
479,Tomas Satoransky,WAS,83,92,26,6,154
480,Dennis Schroder,ATL,248,499,74,16,1414
481,Luis Scola,BRK,139,37,14,4,184
482,Mike Scott,ATL,37,17,4,3,45
483,Thabo Sefolosha,ATL,270,107,96,31,444
484,Wayne Selden,TOT,16,13,6,1,71
485,Wayne Selden,NOP,5,1,2,0,16
486,Wayne Selden,MEM,11,12,4,1,55
487,Kevin Seraphin,IND,142,23,7,20,232
488,Ramon Sessions,CHO,73,129,26,3,312
489,Iman Shumpert,CLE,219,109,62,27,567
490,Pascal Siakam,TOR,185,17,26,45,229
491,Jonathon Simmons,SAS,160,126,47,25,483
492,Kyle Singler,OKC,48,9,7,5,88
493,Marcus Smart,BOS,306,364,125,34,835
494,Ish Smith,DET,235,418,61,33,758
495,J.R. Smith,CLE,113,62,40,11,351
496,Jason Smith,WAS,258,37,21,55,420
497,Tony Snell,MIL,248,96,54,14,683
498,Marreese Speights,LAC,373,66,23,41,711
499,Tiago Splitter,PHI,22,4,1,1,39
500,Nik Stauskas,PHI,226,188,45,32,756
501,Lance Stephenson,TOT,52,59,5,3,122
502,Lance Stephenson,NOP,18,29,2,1,58
503,Lance Stephenson,MIN,10,5,0,0,21
504,Lance Stephenson,IND,24,25,3,2,43
505,Jarnell Stokes,DEN,2,2,1,0,3
506,Diamond Stone,LAC,6,0,0,1,10
507,Rodney Stuckey,IND,84,84,16,0,281
508,Jared Sullinger,TOR,27,3,4,1,37
509,Edy Tavares,TOT,11,1,0,6,8
510,Edy Tavares,ATL,1,0,0,0,2
511,Edy Tavares,CLE,10,1,0,6,6
512,Isaiah Taylor,HOU,3,3,1,1,3
513,Jeff Teague,IND,331,639,100,32,1254
514,Mirza Teletovic,MIL,162,48,12,13,451
515,Garrett Temple,SAC,183,169,84,28,506
516,Jason Terry,MIL,106,98,45,20,307
517,Isaiah Thomas,BOS,205,449,70,13,2199
518,Lance Thomas,NYK,142,35,21,5,275
519,Hollis Thompson,TOT,111,35,20,6,205
520,Hollis Thompson,PHI,83,26,14,6,171
521,Hollis Thompson,NOP,28,9,6,0,34
522,Klay Thompson,GSW,285,160,66,40,1742
523,Tristan Thompson,CLE,716,77,39,84,630
524,Marcus Thornton,WAS,76,41,19,3,219
525,Mike Tobey,CHO,3,1,0,0,2
526,Anthony Tolliver,SAC,239,77,33,20,461
527,Axel Toupane,TOT,1,0,1,1,11
528,Axel Toupane,MIL,0,0,0,0,0
529,Axel Toupane,NOP,1,0,1,1,11
530,Karl-Anthony Towns,MIN,1007,220,57,103,2061
531,P.J. Tucker,TOT,472,99,116,19,540
532,P.J. Tucker,PHO,343,73,85,14,401
533,P.J. Tucker,TOR,129,26,31,5,139
534,Evan Turner,POR,247,205,53,24,586
535,Myles Turner,IND,587,106,74,173,1173
536,Beno Udrih,DET,57,131,13,0,227
537,Tyler Ulis,PHO,95,226,48,5,444
538,Jarrod Uthoff,DAL,22,9,2,4,40
539,Jonas Valanciunas,TOR,759,57,37,63,959
540,Denzel Valentine,CHI,151,63,30,7,291
541,Fred VanVleet,TOR,42,35,17,2,107
542,Anderson Varejao,GSW,27,10,3,3,18
543,Greivis Vasquez,BRK,2,5,1,1,7
544,Rashad Vaughn,MIL,49,23,19,10,142
545,Noah Vonleh,POR,387,31,30,27,327
546,Nikola Vucevic,ORL,779,208,77,74,1096
547,Sasha Vujacic,NYK,59,52,13,2,124
548,Dwyane Wade,CHI,271,229,86,41,1096
549,Dion Waiters,MIA,154,200,41,20,729
550,Kemba Walker,CHO,308,435,85,22,1830
551,John Wall,WAS,326,831,157,49,1805
552,Taurean Waller-Prince,ATL,157,55,43,27,335
553,T.J. Warren,PHO,339,75,76,39,951
554,C.J. Watson,ORL,89,114,43,2,281
555,Briante Weber,TOT,26,21,12,1,62
556,Briante Weber,GSW,4,5,3,1,12
557,Briante Weber,CHO,22,16,9,0,50
558,David West,GSW,203,151,42,48,316
559,Russell Westbrook,OKC,864,840,133,31,2558
560,Okaro White,MIA,82,21,10,10,98
561,Isaiah Whitehead,BRK,184,192,42,36,543
562,Hassan Whiteside,MIA,1088,57,56,161,1309
563,Andrew Wiggins,MIN,329,189,82,30,1933
564,C.J. Wilcox,ORL,12,12,2,1,21
565,Alan Williams,PHO,292,23,27,32,346
566,Deron Williams,TOT,147,360,31,8,701
567,Deron Williams,DAL,102,274,25,2,522
568,Deron Williams,CLE,45,86,6,6,179
569,Derrick Williams,TOT,130,28,14,7,304
570,Derrick Williams,MIA,73,14,9,5,148
571,Derrick Williams,CLE,57,14,5,2,156
572,Lou Williams,TOT,202,239,80,19,1421
573,Lou Williams,LAL,132,183,65,10,1078
574,Lou Williams,HOU,70,56,15,9,343
575,Marvin Williams,CHO,498,106,58,53,849
576,Reggie Williams,NOP,6,4,3,0,27
577,Troy Williams,TOT,69,25,27,10,185
578,Troy Williams,MEM,45,19,24,9,127
579,Troy Williams,HOU,24,6,3,1,58
580,Kyle Wiltjer,HOU,10,2,3,1,13
581,Justise Winslow,MIA,94,66,27,6,196
582,Jeff Withey,UTA,121,7,16,32,146
583,Christian Wood,CHO,29,2,3,6,35
584,Metta World,LAL,20,11,9,2,57
585,Brandan Wright,MEM,78,15,11,20,189
586,Delon Wright,TOR,48,57,27,11,150
587,James Young,BOS,26,4,10,2,68
588,Joe Young,IND,17,15,4,0,68
589,Nick Young,LAL,137,58,37,14,791
590,Thaddeus Young,IND,449,122,114,30,814
591,Cody Zeller,CHO,405,99,62,58,639
592,Tyler Zeller,BOS,124,42,7,21,178
593,Stephen Zimmerman,ORL,35,4,2,5,23
594,Paul Zipser,CHI,125,36,15,16,240
595,Ivica Zubac,LAL,159,30,14,33,284